img_name,img2text
BxS_vIUAU31.jpg,a rocky beach with the ocean and houses next to the cliff behind it
BuJZ_WCHW31.jpg,a large white dog sitting next to a person on the back of a car
BMsf_0LAb31.jpg,a group of people sitting around a dining table with plates of food behind them
BdnzH-DDn31.jpg,a group of desserts and a smoothie on a white table
BLE6irfgp31.jpg,a lot of yellow bananas and other plants next to each other in the jungle
BwwVy0Pl831.jpg,a green smoothie with green liquid on the table
Bp-ULQmAA31.jpg,a wooden table with glasses and plates next to the table with a paper bag
5ud-VaGA31.jpg,a person cutting another person on the floor with their hair on the floor
BweZXSJJb31.jpg,two guys wearing sunglasses sitting together at a table with a beer behind them
BwhMnYJAf31.jpg,a stone tunnel with a mountain behind it
Bz12L0qHd31.jpg,a quote with a quote next to a tree in the woods
BkZ6tBtHK31.jpg,a group of four guys standing together near a graffiti covered wall
BlTCV6MnD31.jpg,a smiling woman and a guy standing together on the beach
BbP6d1IBw31.jpg,a young woman wearing a purple shirt holding her hair in the background
Bxfo_uPiv31.jpg,a smiling man standing together with a large motorcycle on the pavement
BxHWpBlgP31.jpg,a bunch of cupcakes with sushi on the tray
BxKtVffls31.jpg,a text on the screen of a book in the background
BxKhRNinf31.jpg,a bunch of pink flowers growing in a tree with leaves in the background
BqD3gnchr31.jpg,a couple of glass bowls and a blue hat sitting on a wood table
BlVNOvEg931.jpg,a large blue tower next to the river at night with lights behind it
Bxb5GMcCs31.jpg,two photos of a blue cake with decorations and a book on the table
BrgBPciAg31.jpg,a young woman standing on a red floor with a blue background
BwDKQBiHi31.jpg,a lot of plates of food on a wooden table with people behind it
BwuiqxeBG31.jpg,a smiling woman standing together at a restaurant table with two men behind it
Bs4j8gxAd31.jpg,a smiling guy standing together with asian decorations and asian decorations in the background
Bw1jvAyDQ31.jpg,a young woman looking at the camera in the background
BdFp5vIBc31.jpg,a group of three young women wearing a red jacket holding a drink
Bwhwpj4la31.jpg,a large blue bike parked on the concrete ground next to a river
BxUneJClR31.jpg,a sign sitting next to a wooden door with writing on it
BwkEPjrgX31.jpg,a stone path with a tree and plants next to a path in the woods
BVLtl5_lq31.jpg,a woman and a boy posing together near a pool of water
BYF23G_BH31.jpg,a large crowd of spectators watching a parade with a person in the background
BKf0gDQAi31.jpg,a woman standing together with a glass of wine in the room
BxDeCIwgW31.jpg,a smiling woman holding a statue with a statue in the background
BwU8Ju-Hq31.jpg,a smiling guy standing near a pier with a large ship behind it
BxFkPOAhN31.jpg,a young woman standing near a rock with the valley behind it
Bkap4P_He31.jpg,a group of three women standing together with balloons in the house
BsqgOByhn31.jpg,a dirt road with a mountain range and mountains behind it
BxSlmEZjj31.jpg,a group of three people standing together with a dog on the beach at sunset
BxQUrW-ga31.jpg,a man wearing a uniform holding a menu with words on it
BnrT3vdlu31.jpg,a group of young women laying together on the bed with graffiti on it
BfgQi5iBq31.jpg,a smiling boy wearing a red shirt standing together in a blue chair
BxSZQbjDc31.jpg,a young woman sitting on a rock near the ocean with the mountain behind it
B0btzv0lP31.jpg,a poster with a bike and a poster in the dark background
BxzOS-KA931.jpg,two people wearing a black mask standing together with a red sign on the concrete surface
BvZO_BTBq31.jpg,two young guys sitting together on a couch with the wall behind them
BvsvDAgAV31.jpg,a smiling young woman holding pink decorations on her head in the background
BwGLRDohv31.jpg,a large group of people playing a musical device in a large stage with lights behind
Bs_W6Y3Ha31.jpg,a young woman kissing a man on the couch
BvpEypuFP31.jpg,a large black and white illustration of a old umbrella with the pages behind it
BxTXngah731.jpg,a lot of yellow flowers next to the mountain range with the mountain behind it
BAUGr2Drl31.jpg,a woman and a woman holding a bowl of food on the dirt ground
BviDlEGHk31.jpg,a person working on a large animal with wires in the room
BwoqENzI731.jpg,a large black and grey cat laying on the rug with a plant behind it
Bw7jgPiFt31.jpg,a little girl walking on a path with a tree next to the path
pl5fF9O731.jpg,a group of three smiling people standing together with a cell phone in the background
BxDEaGMDr31.jpg,a young woman wearing glasses standing together on a desert field with the valley behind it
Bww9mgHje31.jpg,a little girl standing on a bike with a bag on the pavement
Bv_z9uAnj31.jpg,a man holding a plate of food with a bottle behind it
Bv7NPGXlF31.jpg,a fence with white flowers next to a fence in the winter with the fence
Bu7aOV-l331.jpg,a group of four brown vases sitting on a stone wall
Bv9nUv8Ht31.jpg,a smiling woman and a guy posing together in the background
BwVx4MyBM31.jpg,a restaurant with a sign and a sign next to a store with palm trees
Bw1dELgpQ31.jpg,a smiling guy standing in a river with a waterfall behind it
By8XKiMiL31.jpg,a large umbrella sitting on the beach with the ocean behind it
Br-8S3mhn31.jpg,a glass of liquid sitting on a wood table
BoXUAo-Bi31.jpg,a young woman sitting on a patio with a large bird on the floor
Bv7KxvPgP31.jpg,a plate of food with eggs and vegetables on the blue plate
BrtQrNfA-31.jpg,two guys standing together with a microphone in front of a banner behind them
BwmLFc2Az31.jpg,a plate of food and vegetables next to a can of soda on the table
Bo-RjDHBs31.jpg,a smiling guy standing together near a lot of colorful flowers in the city
Bw56WlTHZ31.jpg,a pool with palm trees and palm trees next to the pool
Bw108D9lO31.jpg,two photos with a person wearing sunglasses and a neon sign behind them
BxULZ0Aj831.jpg,a shirtless guy wearing a blue cap and a blue cap standing together in the bathroom
BwwZJkSHi31.jpg,a smiling woman holding a glass of beer in the background
BzJ1LGjgK31.jpg,a person jumping on a wave in the blue water
Bxe2_ypHg31.jpg,a smiling guy holding a glass of wine at the table with a plate of food
BxIlRJCB231.jpg,a green field next to a lake with trees and the lake behind it
BrthVLKnF31.jpg,a painting of a person and a bird next to a painting
BxTocXMhp31.jpg,a couple of guys playing a guitar in a stage with lights behind them
BxJ6OHsgI31.jpg,a large stone building with a clock tower and a flag on the blue sky
BxFanV_HC31.jpg,a guy wearing sunglasses standing on a wooden deck with his cell phone behind him
Bwt_IwUjK31.jpg,a colorful design with purple writing on a wall next to a metal fence
Bv6iY09HL31.jpg,a large piece of cake with meat on a white plate
BxNOtEpHv31.jpg,a smiling woman and two men posing together on a deck with their cell phone
BMZgt8_Au31.jpg,a large silver clock sitting on a wood surface with a watch behind it
BlOOYcCB831.jpg,a large sign sitting on a metal pole with the city skyline behind it
BxIfyfMn331.jpg,a person cutting a piece of food with meat on the table
Bw4OHpqHH31.jpg,a couple of kids eating a plate of food at a restaurant table
BbSJZ07nL31.jpg,a group of three people sitting around a conference table with a microphone behind them
BLjHd4vA231.jpg,a smiling guy holding a tray of cupcakes with cupcakes on the table
BpC0J-Lj331.jpg,a group of bottles of alcohol in a store with a sign behind it
Bs8eQMLDu31.jpg,a person standing on a wooden deck with their shoes next to the water
BxChB74AB31.jpg,a large blue aquarium with purple flowers and other decorations in the pool
BhmFXT2HN31.jpg,a white toilet with a sign sitting on the seat in the room
BxPLMHEF731.jpg,two guys posing together with a sign in the background
BkCeuhBFw31.jpg,a laptop sitting on a wooden table with a cup and a cup next to it
Bw69CAChC31.jpg,a group of three young adults standing together on the rocks near the ocean
6ksJaeh_31.jpg,two women standing together near a pool with palm trees behind them
BwHuw_Mg031.jpg,three horses with numbers on their heads in the background
BxLUdwpnh31.jpg,a smiling woman standing together on a cliff near the ocean with the cliff behind it
BxM6MsUAz31.jpg,two photos of a young child wearing a hat sitting together on the seat
BxDOUPflK31.jpg,a couple of young women preparing a dish of seafood in the background
Bv-OVTIFO31.jpg,a smiling woman and a guy standing together with a bag in the tent
BxNvnIVp931.jpg,a group of four women standing around a stone sculpture on the floor
BxDEvU0AH31.jpg,two young women wearing a red shirt standing together in a hospital room
B0g6fhWAQ31.jpg,a couple of women kissing on a pink blanket with a advertisement behind it
BwzZg6ah331.jpg,a stone fence next to a stone castle with rocks and a stone path behind it
BvCFrrtgR31.jpg,a large group of musical instruments and electronic equipment in a large room
BsD1xRPDo31.jpg,a plate of sandwiches and chips next to a bowl of soup on the wood table
BxO84oVHQ31.jpg,a young woman wearing a white dress holding a cell phone in the room
BuT5KMpHj31.jpg,a smiling woman and a guy sitting together at a table with a plate behind it
BwCz0wKAp31.jpg,a couple of birds flying in the cloudy sky with the clouds behind it
Bp7dOf3H-31.jpg,a young woman cutting her hair with scissors in the background
BwmCw47gs31.jpg,a person riding a bike in the wet rain with the handle behind it
BgrQm8bFk31.jpg,three photos of a toddler playing with a blue ball in the background
BwrztO6nf31.jpg,a glass of liquid with fruit and a glass of liquid in the bowl
BtwjwmdHf31.jpg,a large cake with oranges and a plate with a fork on the white plate
Bwpi7cLHW31.jpg,a yellow taxi driving on the pavement with a yellow car behind it
Bwcd0VtBY31.jpg,a large pastry with toppings on a white plate
BxAm-pUJi31.jpg,a plate of pasta with meat and other noodles on a white plate
BL6sjFYj231.jpg,a duck swimming in a river with trees and rocks next to the cliff
Bwyzvb-Fm31.jpg,a rocky beach with the sunset behind it
BxALosppT31.jpg,a lot of colorful umbrellas hanging together on a brick street
BiCNCd2nH31.jpg,two guys sitting together on a patio chair with a table behind them
BTUD_HOjf31.jpg,three photos of a fireplace and a book next to the stone fireplace
BxSbULOl531.jpg,a smiling guy holding a camera near a lake with a rope near the lake
BxHA4lfFL31.jpg,a rocky river with rocks and a hill next to the river
BxQ0_-PHQ31.jpg,a man speaking with a microphone on a stage with people behind it
BxJ63-lnQ31.jpg,a lot of blue flowers sitting in the grass
BwLAR7gha31.jpg,a young man standing together with a black bag at night
BevgGtthZ31.jpg,a smiling woman and a guy standing together near the house with the yard behind it
BvwsYLvHi31.jpg,a large pile of black wine glasses sitting together in the background
BnJRyklBh31.jpg,a quote with the mountain range and the sky behind it
Bw9MRiAnU31.jpg,a group of pink tulips sitting together on the dirt ground with rocks behind them
1rQV7CGz31.jpg,a large steak with meat and other food on a white plate on the table
BxQWxEJAf31.jpg,a woman looking into the camera with her hair in the background
Btrfg-8l-31.jpg,a young woman wearing a jacket standing together with a red bag on the pavement
BwJiJh-lE31.jpg,a couple of sandwiches and vegetables on a wooden table with a bowl of food
Bwy9VZlBG31.jpg,a woman wearing a red shirt standing on the beach with the ocean behind it
Bhf32LeDF31.jpg,a young woman wearing a black jacket walking on the grass with her bag behind it
BXu6lzgh931.jpg,a group of four women posing together at a bar with papers and papers behind them
BxNoqrjhA31.jpg,a smiling woman wearing a blue shirt holding a blue flag in the stadium
Bs5ogAkAN31.jpg,a smoothie with eggs and eggs next to a jar on the counter
BxiAnZTAF31.jpg,a group of three smiling women standing together on a hill with the valley behind them
BtWiYnwlo31.jpg,a stone church with plants and a stone tower next to a cliff
ByDkoTOCJ31.jpg,a plate of writing on a bar with a cup of coffee behind it
BwxsAgAgl31.jpg,a wooden box with a metal clock sitting on the wood table with glasses behind it
BxUEA8BJq31.jpg,a smiling woman holding her hand in the ocean with the flag behind it
BxKUHM_JW31.jpg,a woman and a child playing on a dirt road with the field behind it
BxIOid6gQ31.jpg,a young woman wearing a black dress standing together in a bar with bottles behind it
Bo9g6N7n331.jpg,a person talking on his cell phone with words in the background
Bxiil8mgw31.jpg,a painting of two figures and a person holding a nintendo wii controller
BJFRnUOAz31.jpg,a smiling guy holding a cup of coffee in the store
BvchB-pgi31.jpg,a blue couch sitting in a store with items next to the table
BkqZTcrHk31.jpg,a woman and a man standing together on the pavement with trees behind them
BxeF-GnDz31.jpg,a young woman eating a plate of food at a restaurant table
BxJ0qHrJH31.jpg,a smiling woman holding a large soccer ball in the background
BxEhounFp31.jpg,a young man holding a blue package with signs on the background
BxKtvCfA131.jpg,a group of three guys standing together with their ties on the pavement behind them
BsW43QJHv31.jpg,two young women kissing each other in a car
BxKHvPgh731.jpg,a woman wearing a black shoe with a black shoe on the surface
BxRqdNtnm31.jpg,a group of smiling people standing together in the yard with a house behind them
Bvux7Reg331.jpg,a advertisement with a cell phone on the desert with the desert behind it
BCJvRI0PH31.jpg,a lot of colorful berries and bananas next to each other in the desert
Bu4onRZnS31.jpg,a man wearing a suit sitting in front of a tv with the sign behind it
BxInwMwAy31.jpg,a brown and grey squirrel playing in a tree with its mouth in the forest
BxfALuvll31.jpg,a large blue sign sitting on a stone wall next to a brick building
BwfCfhWhp31.jpg,a group of cartoon figures sitting on a stage with a toy figure behind it
BxSsk6Gj331.jpg,a young woman wearing a yellow shirt standing together with her hand in the background
BtrWdH5oH31.jpg,a young woman holding a book in the background
Bvw4FmLhy31.jpg,a poster with a guy on the stage with a message in the background
BwfzbduFk31.jpg,three photos of a young boy sitting on a leather couch with a tennis racket
Bwt5apRH131.jpg,three photos of a table with red chairs and a bookshelf in the library
7lVbY8sr31.jpg,a young man wearing a red shirt standing together with flowers near a window
Bw_odnNnh31.jpg,a young woman standing together near a display of christmas lights on the street
BwKUjX2FU31.jpg,a young woman cutting her hair with her hair in the background
BZ9RSqkDN31.jpg,a person holding a white cup with writing on it next to the glass
Bge0NQCHy31.jpg,a man wearing sunglasses and a hat standing together with a sign behind it
BqhorFHDr31.jpg,two little kids standing together in a kitchen with their arms in the background
BxFYRkOjp31.jpg,a large brick building with colorful designs and a mural on the wall
Bp5Vmwxl331.jpg,a sign with words on it next to the sign in the background
BxO_7bpnG31.jpg,a woman with words and words on the background with a car behind it
Bw66sO1HS31.jpg,two smiling young women posing together with their faces in front of a building
BxA1c19hv31.jpg,two guys playing with a frisbee on the red court
BxUp1n9H531.jpg,a group of people sitting around a bar with lights and a statue behind it
BxEjWbwFn31.jpg,two young girls kissing a flower in the yard with trees behind them
BtQ2lDpFj31.jpg,a young man wearing a jacket standing together with his shirt on his shoulder
BUQfy9ZFE31.jpg,a large elephant laying in the woods with the sunset behind it
BrnIY5rhh31.jpg,a young person jumping on a metal railing with a sign next to the metal railing
Bx-_A4_lJ31.jpg,a bar with many bottles and lights next to the bar in the bar
Bx3iMSzFQ31.jpg,a pool with a waterfall and trees next to the pool with the waterfall
BwkTqc6l731.jpg,a young girl wearing a purple jacket standing near a brick wall
BxHgC7Wh231.jpg,a smiling guy standing together with a palm tree in the sand
BwfjHkInT31.jpg,a guy standing on a rocky cliff with a kite near the ocean
Bv2kIBFF731.jpg,two smiling guys posing together with their hands in a store
Brt4UCXly31.jpg,a toy toy train with toy figures on the surface
BxVUxl7pE31.jpg,a couple of yellow bananas with decorations on the table
By-wKxFBE31.jpg,a plate of food with berries and berries on a white plate
BpyfU8pHU31.jpg,a smiling woman holding a dog in the countryside
BqGW25VnG31.jpg,a couple of food sitting on a red tray on the table
BvzDPNRHi31.jpg,a smiling woman standing together with a sign near a restaurant
BzLm3SBgL31.jpg,a woman talking on a microphone with the band behind it
Btp7QOPA931.jpg,a woman wearing a blue dress standing together next to a blue car
BxhQTK3A431.jpg,a little boy walking on a stone floor with tables and chairs at the beach
Bxd2AqkjK31.jpg,a large group of smiling people standing together with a advertisement behind them
BwiLJfjB331.jpg,a blue motorcycle with many bottles and other things on the table
Bw4HtE_je31.jpg,a young woman wearing sunglasses talking on her cell phone in the bathroom
BxMWRLzAY31.jpg,a sexy young woman wearing a dress standing together in the background
BxHL_C2AU31.jpg,a group of pink and white couches sitting next to a brick house
Bf3iNQRBE31.jpg,a smiling woman and a little girl posing together in the background
7JGWpiGu31.jpg,a young woman eating a plate of food at the table with a glass of wine
BwcASHCB231.jpg,a smiling guy wearing a purple shirt standing together in a convention
BlrxupHDX31.jpg,a neon sign in a mall with neon lights in the building
BqDm-_5HU31.jpg,a man wearing a blue shirt and tie standing together with lights behind it
BvoSF6Xlf31.jpg,a sign with words on it on the table with a message on it
Bxim6Aigm31.jpg,a large dining room with tables and chairs next to the tables
BpcL8cTHi31.jpg,a stone stone tower with plants and a tree next to the stone wall
Bwk4pyyHK31.jpg,a young guy wearing a green shirt standing on a soccer field
BxSZujxjx31.jpg,a person holding a pink flower in their hand
6HcREht131.jpg,a young woman wearing sunglasses sitting together on the couch with her cell phone behind it
BhTd6WSBO31.jpg,a young woman standing on a rocky beach with the cloudy sky behind it
ByK6msPBz31.jpg,a bunch of red roses in a green vase on the table
BxEjBHCAs31.jpg,a smiling guy and a woman sitting together in the plane holding his phone
BtoVU21n531.jpg,a group of three people standing together on the sidewalk with lights in the city
Bv-MG7vgP31.jpg,a group of three yellow figurines next to a bookshelf with books behind it
BwfKqLzFm31.jpg,a smiling woman wearing a red jacket standing near a bridge with a tower behind it
BufvpZ5Cx31.jpg,a large river with many buildings and boats next to the city
BwiDHprpm31.jpg,a group of adults and children sitting together in a wooden cabin
Bvv15lzAu31.jpg,a smiling woman wearing a jacket holding flowers in the background
BxCkv50gG31.jpg,a young woman wearing a red shirt looking at her cell phone in the mirror
BwABH50Bh31.jpg,a plate of meat with tomatoes and other foods on a white plate
BtOxsbPg_31.jpg,a young woman sitting on the couch with a plant next to a window
Bw5JlNAJk31.jpg,a person playing on a blue court with a crowd in the stadium
Bwtw07YIk31.jpg,a couple of men standing around a red car in a convention
BwcpZNonI31.jpg,a lot of colorful flowers in a vase on the table
Bz_n6a_F_31.jpg,a smiling woman holding a cell phone with flowers in the mirror
BwwGhiLgF31.jpg,a large black and grey train with buttons and words on the wall behind it
BGLZx1HvT31.jpg,a smiling woman wearing a red shirt with a necklace behind it
BxVjJP1Ah31.jpg,a young woman standing together in the green field with pink trees behind it
BvrPqNtgt31.jpg,a large cathedral with lots of windows and a blue sky behind it
BkCqkWkAH31.jpg,a young woman wearing a microphone with her mouth in the background
BnuZx1WHf31.jpg,a man playing a guitar with a microphone in the stone wall behind it
Bv7f5NCjt31.jpg,a smiling woman eating a plate of desserts at the table with a cup behind it
BvhFhWwng31.jpg,a group of young adults posing together with a microphone in the background
BTcwgoRBY31.jpg,a couple of young guys holding a beer in the background
BXftt1cg231.jpg,a group of smiling people posing together near a red truck with hats behind them
BwBz4yaA531.jpg,a lot of lights and lights on the floor with lights behind it
BuW3D4cFo31.jpg,a young woman wearing a leather jacket sitting at a restaurant table with greens behind it
BNQLBh6jS31.jpg,a guy looking at his cup in the mirror with the clock behind it
BjSur3dHz31.jpg,two young women standing together near a fountain with each other on the concrete surface
Bw_LHVIgX31.jpg,a lot of colorful leaves and red leaves next to a building at night
BthHIaeHZ31.jpg,a restaurant with a sign and a pizza on the sidewalk next to the store
BxM-cGVl931.jpg,a group of young adults standing together with flowers on the floor
BwpCWyGFe31.jpg,a person jumping on a motorcycle on the desert field with the countryside behind it
BqQLxcthC31.jpg,a smiling guy standing together with his shirt on the brick wall behind it
BxIiJClAs31.jpg,a black and white cat laying on a bed with a person behind it
BvHgE6CjN31.jpg,two bowls of soup with meat and greens in the bowl on the table
BxFrbd-BE31.jpg,a large cathedral with pink flowers and a tower next to the park
BHzT0lLgp31.jpg,a young woman jumping in the water with a dog in the background
BpWdMkxDM31.jpg,a young man wearing a jacket standing together near a park bench
BxdaETvop31.jpg,a guy sitting on the window with a newspaper next to the window
BvwxOgVJs31.jpg,a woman and a man holding a bottle of liquid in the background
BxHcndugR31.jpg,a group of three adults standing together with a book in the room
lqT9seE531.jpg,a group of three young women standing together in a mirror with their cell phone behind
BxJxcW0lG31.jpg,a red rose with leaves in the plant
BlVqz6SFS31.jpg,a small brown teddy bear wearing a hat sitting on the water with a flower behind
Bt_ZCmmFu31.jpg,a group of horses walking in the dry grass field
BxXYEqYlY31.jpg,a group of men looking at a motorcycle with a large animal in the blue sky
BwUemwtHm31.jpg,a red soda can with pink flowers in the vase on the table
BxDJVcyBF31.jpg,a young woman standing together in a red chair with clocks behind it
BxIYabZll31.jpg,a man kissing a brown cat in the background
BrunZUMA131.jpg,a young woman wearing glasses holding her hand on a skateboard in the background
BrS2QlQD831.jpg,a advertisement with oranges and a cup next to a quote with a quote behind it
Bc2N9zsFE31.jpg,a group of four guys posing together on the soccer field
Bu7EFt1l131.jpg,a young man sitting together with a cell phone in a office
BnmCwaUll31.jpg,a woman standing on a stage with a microphone in the background
BmSkPGJhx31.jpg,two young women standing together near a stone building with the city skyline behind it
PCTJ2TtF31.jpg,two young women posing together with a black bag on the floor
BTajJldlH31.jpg,a group of smiling people standing together in a large party
BxXrSAEBA31.jpg,a rocky hill with a waterfall and a waterfall next to the hill
BxH96voAQ31.jpg,a young man wearing a cap standing together near the city skyline
BxLDje2B231.jpg,a group of four women standing together in a kitchen with glasses behind them
Bwh-tQigB31.jpg,a couple of motorcycles parked next to a stone building with windows in the street
BwpaBs1hY31.jpg,two guys standing near a stone tunnel with a archway next to the stone arch
Bxh-N-8i931.jpg,a young woman wearing a skirt standing together on the lawn near a building
BwuZ88XnY31.jpg,a red and blue passenger train driving in a station with lights behind it
BxNtELeFk31.jpg,a young boy wearing a red hat playing in a puddle of water
Bd52W_Sl531.jpg,a cartoon character with a sticker on the bed with a sign behind it
BxIKHi5lp31.jpg,a large mall with a sign and birds on the display in the mall
BxKXvNklU31.jpg,a young woman wearing a helmet riding on a motorcycle on the street
Bu31mZ-Ha31.jpg,a large room with many tools and tools next to the ceiling
Bw3nAttg731.jpg,a woman wearing a pink shoe with pink keys on the surface
BuUpzp5BW31.jpg,a large sign with words on it in the background
Bwg5f4bJZ31.jpg,a young woman wearing a hat sitting at a restaurant with a beer behind it
BxPBqduHs31.jpg,a lot of red flowers with each other in the city
